{
  "United States": [
    37.0902,
    -95.7129
  ],
  "United Kingdom": [
    55.3781,
    -3.436
  ],
  "France": [
    46.2276,
    2.2137
  ],
  "Germany": [
    51.1657,
    10.4515
  ],
  "Spain": [
    40.4637,
    -3.7492
  ],
  "Italy": [
    41.8719,
    12.5674
  ],
  "Canada": [
    56.1304,
    -106.3468
  ],
  "Russia": [
    61.524,
    105.3188
  ],
  "Russia/Eastern Europe": [
    55.7558,
    37.6173
  ],
  "China": [
    35.8617,
    104.1954
  ],
  "India": [
    20.5937,
    78.9629
  ],
  "Japan": [
    36.2048,
    138.2529
  ],
  "South Korea": [
    35.9078,
    127.7669
  ],
  "Switzerland": [
    46.8182,
    8.2275
  ],
  "Australia": [
    -25.2744,
    133.7751
  ],
  "New Zealand": [
    -40.9006,
    174.886
  ],
  "Brazil": [
    -14.235,
    -51.9253
  ],
  "Mexico": [
    23.6345,
    -102.5528
  ],
  "Argentina": [
    -38.4161,
    -63.6167
  ],
  "Colombia": [
    4.5709,
    -74.2973
  ],
  "South Africa": [
    -30.5595,
    22.9375
  ],
  "Egypt": [
    26.8206,
    30.8025
  ],
  "Israel": [
    31.0461,
    34.8516
  ],
  "Netherlands": [
    52.1326,
    5.2913
  ],
  "Sweden": [
    60.1282,
    18.6435
  ],
  "Norway": [
    60.472,
    8.4689
  ],
  "Finland": [
    61.9241,
    25.7482
  ],
  "Poland": [
    51.9194,
    19.1451
  ],
  "Ukraine": [
    48.3794,
    31.1656
  ],
  "Taiwan": [
    23.6978,
    120.9605
  ],
  "Singapore": [
    1.3521,
    103.8198
  ],
  "Hong Kong": [
    22.3193,
    114.1694
  ],
  "Austria": [
    47.5162,
    14.5501
  ],
  "Belgium": [
    50.5039,
    4.4699
  ],
  "Ireland": [
    53.4129,
    -8.2439
  ],
  "Saudi Arabia": [
    23.8859,
    45.0792
  ],
  "United Arab Emirates": [
    23.4241,
    53.8478
  ],
  "Unknown": [
    56.107452266,
    -3.81242026
  ]
}